{
    "installed": {
        "client_id": "626501940361-q0dtf1pclg6fa60tj3km3oiroc1sa2ak.apps.googleusercontent.com",
        "project_id": "quickstart-1565637743070",
        "auth_uri": "https://accounts.google.com/o/oauth2/auth",
        "token_uri": "https://oauth2.googleapis.com/token",
        "auth_provider_x509_cert_url": "https://www.googleapis.com/oauth2/v1/certs",
        "client_secret": "65zTzN7xYjBiAQkDzjlseb07",
        "redirect_uris": [
            "urn:ietf:wg:oauth:2.0:oob",
            "http://localhost"
        ]
    }
}